(no author) = (no author) <>
a2.nosal = a2.nosal <>
abacrotto@hotmail.com = abacrotto <abacrotto@hotmail.com>
adezm = adezm <>
ailicec = ailicec <>
appel = appel <>
aras = aras <>
arnau = arnau <>
Arnau = arnau <>
augustowloch = augustowloch <>
benwfelt = benwfelt <>
bertil = bertil <>
bhu = bhu <>
bjhulst = bjhulst <>
bociusz = bociusz <>
bodyguard = bodyguard <>
brunzefb = Friedrich Brunzema <brunzefb@gmail.com>
ch3cooli@gmail.com = ch3cooli <ch3cooli@gmail.com>
chsxf = chsxf <>
csaltori = csaltori <>
csware = Sven Strickroth <email@cs-ware.de>
d0oo0bsh = d0oo0bsh <>
daibo = daibo <>
danielsahlberg = Daniel Sahlberg <daniel.l.sahlberg@gmail.com>
DartRavern = DartRavern <>
davidtrasbo = davidtrasbo <>
ddeguchi = ddeguchi <>
dewagter = dewagter <>
dfev77 = dfev77 <>
diesousil = diesousil <>
dimentiy = dimentiy <>
dimircea = dimircea <>
dongsheng.song = Dongsheng Song <dongsheng.song@gmail.com>
dreamszz = dreamszz <>
dsvagelj = dsvagelj <>
duskov = duskov <>
eallrich = eallrich <>
ebmarques = ebmarques <>
eckardt = eckardt <>
edwinelisia = edwinelisia <>
evansjahja = evansjahja <>
fernandonajera = fernandonajera <>
fieldcoil = fieldcoil <>
fly1004 = Kim Taedong <fly1004@gmail.com>
ghorwin = ghorwin <>
Giasher = Giasher <>
Gibou = Gibou <>
grokwik = Grokwik <grokwik@free.fr>
GuusRaaphorst = GuusRaaphorst <>
guusraaphorst = GuusRaaphorst <>
haowei.us@gmail.com = Haowei <haowei.us@gmail.com>
Haowei.us@gmail.com = Haowei <haowei.us@gmail.com>
hgabor = hgabor <>
hoi = hoi <>
hoogem2 = hoogem2 <>
htcotik = Oto BREZINA <htcotik@gmail.com>
httpd = httpd <>
humberto0 = humberto0 <>
ian.mordey@wandisco.com = Ian Mordey <ian.mordey@wandisco.com>
iDkravitz = iDkravitz <>
imanol.nb = imanol.nb <>
ivan-z = Ivan Zhakov <ivan@visualsvn.com>
ivucica = ivucica <>
j.m.van.leerdam = Jean-Marc van Leerdam <j.m.van.leerdam@gmail.com>
jbadier = jbadier <>
jcfuentes = jcfuentes <>
jcgigogne = jcgigogne <>
Je_oen = Je_oen <>
je_oen = Je_oen <>
jeanmarc = Jean-Marc van Leerdam <j.m.van.leerdam@gmail.com>
Jeecee = Jeecee <>
jflots.iprocess = jflots.iprocess <>
johanfoglemark = johanfoglemark <>
joker_mkd = joker_mkd <>
jonathan.defries@wandisco.com = Jonathan Defries <jonathan.defries@wandisco.com>
josander = josander <>
julianfoad1 = julianfoad1 <>
kari.grano = Kari Grano <>
kgr = kgr <>
kkotowicz = kkotowicz <>
klenin = klenin <>
linz = linz <>
lipan = lipan <>
lokator = lokator <>
luebbe = Lübbe Onken <luebbe.opensource@gmail.com>
luebbe.tortoisesvn = Lübbe Onken <luebbe.opensource@gmail.com>
luisxbm = luisxbm <>
manuna = manuna <>
matjaz = matjaz <>
mccdan = mccdan <>
mensa = mensa <>
miha.nahtigal = Miha Nahtigal <>
mikkel.elmholdt = Mikkel Elmholdt <>
MiloradSPopovic = Milorad Popovic <MiloradSPopovic@gmail.com>
miloradspopovic = Milorad Popovic <MiloradSPopovic@gmail.com>
mohsensajjadi = mohsensajjadi <>
moskovich = moskovich <>
mradev = Milen A. Radev <mradev@gmail.com>
msaric = msaric <>
nabetaro = nabetaro <>
NetCobra = NetCobra <>
netcobra = NetCobra <>
norikobctani = norikobctani <>
normann = normann <>
Oddvar.Kloster@sintef.no = Oddvar Kloster <Oddvar.Kloster@sintef.no>
okloster = Oddvar Kloster <Oddvar.Kloster@sintef.no>
olegfedko@gmail.com = Oleg Fedko <olegfedko@gmail.com>
otik = Oto BREZINA <htcotik@gmail.com>
PauloJustino.NEC = Paulo Justino Aveiro <paulojustino.nec@gmail.com>
pcieslowski = pcieslowski <>
petemounce = Pete Mounce <>
PeterDemin = Peter Demin <>
pflores = pflores <>
project2501a = project2501a <>
pynoos = pynoos <>
rafael_heise = Rafael M. Heise <rmheise@gmail.com>
rdk = rdk <>
rmheise = Rafael M. Heise <rmheise@gmail.com>
rmores = rmores <>
rocksun = rocksun <>
root = root <>
rozboris = rozboris <>
rubenlr = rubenlr <>
rusin = rusin <>
s.niakhai = s.niakhai <>
sadik.khalid = Sadik Khalid <>
schaefer = Tobias Schaefer <tobiasschaefer@gmx.de>
sedlak.jiri = Sedlak Jiri <>
simon.tortoisesvn = Simon Large <simon@skirridsystems.co.uk>
simonlarge = Simon Large <simon@skirridsystems.co.uk>
slabx = slabx <>
sltumanyan = sltumanyan <>
stannic = Stanislav Petrakov <stannic@gmail.com>
Stannic = Stanislav Petrakov <stannic@gmail.com>
Stavros.Labrou = Stavros Labrou <>
stefan.fuhrmann.1974 = Stefan Fuhrmann <stefan.fuhrmann.1974@gmail.com>
stefankueng = Stefan Küng <stefankueng@gmail.com>
Stefan = Stefan Küng <stefankueng@gmail.com>
steveking = Stefan Küng <stefankueng@gmail.com>
kueng = Stefan Küng <stefankueng@gmail.com>
stps = stps <>
submitter@transifex.net = transifex.net <>
tdionne_cn = tdionne_cn <>
tepting = tepting <>
tew = tew <>
timsk = timsk <>
tommychristie = tommychristie <>
try876 = try876 <>
tumanyan = tumanyan <>
vito.smolej = Vito Smolej <>
vuego = vuego <>
vuralgoze = vuralgoze <>
wdean = wdean <>
Wyverald = Wyverald <>
XhmikosR = XhmikosR <xhmikosr@gmail.com>
xhmikosr = XhmikosR <xhmikosr@gmail.com>
xingyu.wang = Xingyu Wang <xingyu.wang@gmail.com>
Yianni29 = Yianni29 <>
yvesmittnn = yvesmittnn <>
zcecil = Cecil Sheng <zcecil@csie.org>
Zero3Cool = zero3cool <zero3cool@zerosplayground.dk>
zero3cool = zero3cool <zero3cool@zerosplayground.dk>
